Producto;Precio;Calificacion
CILINDRO DE GAS DURAGAS 50-LIBRAS;5577.5;3
CILINDRO DE GAS DURAGAS 50-LIBRAS;5577.5;1
SILLA RIMAX SIN BRAZOS;1022.52;1
"JUEGO SERTA P.T. DELUXE  60""";33421.55;4
"COLCHON SERTA P.T. DELUXE  60""";25201.53;1
JUEGO POSTOPEDICO P.T. REINA 54'';29134.79;1
TELEVISOR  L.G. 21PD10Q(P/P);12932.21;5
CUADRO 30 X 40 ROLANDO MANCEBO;12240.09;2
CUADRO 24 X 36 ROLANDO MANCEBO;9500.92;2
CLOSET PORTATIL;2328.75;2
CLOSET PORTATIL;2415;1
"JUEGO POSTOPEDICO REINA PT 39""";22587.27;1
COQUETA DECORARTE EN CAOBA;21188.92;1
JUEGO DE CORTINA;2070;5
PLANCHA ELECTRIZONE GRILL HEALTHY MOD. EZ1044641;1943.5;1
PLANCHA ELECTRIZONE GRILL HEALTHY MOD. EZ1044641;1943.5;1
ORGANIZADOR DE COCINA;7360;3
ORGANIZADOR DE COCINA;6459.17;2
BLOWER PROFESIONAL TURBO JHONNSON;3910;1
BLOWER PROFESIONAL TURBO JHONNSON;3910;1
JUEGO SABANAS 4 PCS EN 54 (FULL);1840;5
COLCHON GRAN CLASE PILLOW TOP 60;23206.99;1
JUEGO DE COLCHA ESPECIAL 54 (FULL);3392.5;1
SANDWICHERA ELECTRICZONE PLAT 2P EZ-101206;1023.5;4
SANDWICHERA ELECTRICZONE PLAT 2P EZ-101206;1023.5;1
OLLAS ARROCERAS BLACK AND DECKER DE 1.8 LTS 14TZS/20 TZS;5002.5;1
ESTUFA GOLD PREMIUN DE 20 MD BW20R TOPE INOX B/N;18054.99;1
ESTUFA GOLD PREMIUN DE 20 MD BW20R TOPE INOX B/N;18054.99;3
ESTUFA GOLG P DE 20 MD GPEBB20R NEGRA;17710;1
ESTUFA GOLG P DE 20 MD GPEBB20R NEGRA;17710;3
CLOSET PORTATIL HIERRO;3369.5;2
ALFOMBRAS DE NAVIDAD;1150;1
CLOSET PORTATIL SUPERIOR;3162.5;1
CLOSET PORTATIL SUPERIOR;3162.5;1
CENTRO DE MESA SOLIVER;5060;1
COMPONENTE LG MOD. 4360;10447.75;1
JUEGO DE OLLA 5 PCS FANTUZZI;2530;4
JUEGO DE OLLA 5 PCS FANTUZZI;2530;1
RIEL PARA CORTINA 24-48;1667.5;2
MESA PARSON DECORARTE EN CAOBA;16620.96;1
BUTACAS LUIS XV INGRID CAOBA;15065;1
EXTRACTOR DE JUGO BLACK AND DECKER JE2400BD;5520;4
EXTRACTOR DE JUGO BLACK AND DECKER JE2400BD;5520;1
GAVETERO DECORARTE EN CAOBA;21188.92;1
MINI COMPONENTE SONY BLUETOOTH MHCM60D;30210.5;2
SARTEN PROWARE 20 CM;621;1
BOCINA PARLANTE BLUETOOTH SUPERSONI;18653;2
BOCINA PARLANTE BLUETOOTH SUPERSONI;18653;1
JUEGO DE OLLA MAGEFESA PREMIER BLACK 9 PCS;9970.5;1
JUEGO DE OLLA MAGEFESA PREMIER BLACK 9 PCS;9970.5;1
"JUEGO DE APOSENTO DEYANA EN CAOBA  39""";41630;1
"ESTUFA CETRON MOD. EC3035BFINO DE 30""";32637;2
"ESTUFA CETRON MOD. EC3035BFINO DE 30""";32637;1
LAMPARA DE TECHO LUZ DIVINA;9976.25;1
CAMA INFLABLE FULL INTEX;5893.75;1
CAMA INFLABLE FULL INTEX;5893.75;2
HORNO ELECTRICO BLACK / DECKER;4393;1
HORNO ELECTRICO BLACK / DECKER;4393;1
ANDADOR PARA BEBE;1932;1
ANDADOR PARA BEBE;1932;3
BATIDORA  JOHNSON DE BIZCOCHO;2156.25;1
BATIDORA  JOHNSON DE BIZCOCHO;2156.25;3
GAVETERO PLASTICO PARA BEBE;2783;1
JUEGO DE OLLAS ROYALTY 12 PCS;7273.75;1
JUEGO DE OLLAS ROYALTY 12 PCS;7273.75;2
DEPENSA MERY CAOBA;36616;1
ESTUFA INDURAMA 24'' NEGRA P/F FERRARA;32142.5;1
ESTUFA INDURAMA 24'' NEGRA P/F FERRARA;32142.5;1
"ESTUFA INDURAMA 32"" MONACO GRIS INOX C/ROSTIZADOR";76041.45;1
"ESTUFA INDURAMA 32"" MONACO GRIS INOX C/ROSTIZADOR";76041.45;3
JUEGO ADORNO CLASIFICADO ESPLENDOR;10292.5;2
"ESTUFA INDURAMA ENCIMERAS 24"" EMPOST. INOX.";26450.01;5
"ESTUFA INDURAMA ENCIMERAS 24"" EMPOST. INOX.";26450.01;1
"ESTUFA INDURAMA ENCIMERAS 32"" EMPOST. INOX.";31624.99;4
"ESTUFA INDURAMA ENCIMERAS 32"" EMPOST. INOX.";31624.99;1
BAR ESQUINERO DECORARTE ESPECIAL CAOBA;24429.45;2
RADIO EPE AM/FM/USB/SD FP-1788BT-1338BT;2530;3
RADIO EPE AM/FM/USB/SD FP-1788BT-1338BT;2530;1
ESTUFA DE MESA AMERICAN MOD.165-N 4 HORNILLAS;4231.05;2
"ESTUFA  NEDOCA C/HORNO NEGRA 20""  EN-G5105ANO";18515;2
"ESTUFA NEDOCA SILVER C/HORNO  24"" EN-G6160AGO";26680;2
"ESTUFA NEDOCA SILVER C/HORNO  24"" EN-G6160AGO";26680;1
NEVERA NEDOCA SIDE BY SIDE SILVER 20PC  NN-20WES;89441.25;1
ESPEJO REDONDO MODERNO PARA SALA;16617.5;1
JUEGO DE OLLA UNIVERSAL ROYAL 8PCS;9964.75;1
ASADOR DE 27 CM VITREX;1524.9;1
EDREDON QUEEN IU-EDR02/Q;5623.5;2
JUEGO DE OLLAS 10PCS VENECIA/12PCS;8020.1;1
JUEGO DE OLLAS 10PCS VENECIA/12PCS;8020.1;1
JUEGO DE OLLA DE FANTUZZI 5PCS INOXIDABLE;4312.5;1
JUEGO DE OLLA DE FANTUZZI 5PCS INOXIDABLE;4312.5;1
PISCINA DE 8 X 18 INTEX (2.44M X 46CM);3708.75;1
PISCINA DE 8 X 18 INTEX (2.44M X 46CM);3708.75;1
SARTEN 20 CM VITREX;1132.75;3
SARTEN 20 CM VITREX;1132.75;1
SARTEN 22CM MONIX;1753.75;1
CAMA TWIN DELUXE;20700;1
CAMA TWIN DELUXE;20700;1
CAMA FULL DELUXE;21275;2
CAMA QUEEN DELUXE;23000;3
SOFA IMPORTADO P/2;25544.95;1
SOFA IMPORTADO P/3;28891.45;1
"PLATAFORMA DE PINO AMERICANO REFORZADA DE  39""";8583.77;5
"PLATAFORMA DE PINO AMERICANO REFORZADA DE  54""";9587.72;5
"PLATAFORMA DE PINO AMERICANO REFORZADA DE  60""";9810.82;5
JUEGO DE OLLA 15 PCS IU-1145;7917.75;2
JUEGO DE OLLA 15 PCS IU-1145;7917.75;1
JUEGO DE SALA YVONETTE TAPIZ CAOBA Y ROBLES;97123.25;1
TELEVISOR SAMSUNG DE 32 SMART MD BE32T-B/4500;26392.5;2
TELEVISOR SAMSUNG DE 32 SMART MD BE32T-B/4500;26392.5;1
ESTUFA INDURAMA CANELA 20 NEGRA;21849.99;1
ESTUFA INDURAMA CANELA 20 NEGRA;21849.99;1
"ESTUFA INDURAMA CADIZ DE 20"" GRIS";22425;3
"BOX SPRING SEALY 60"" PERFECTION P/T";29831.69;2
JUEGO POSTOPEDICO P.T. REINA 60'';32059.13;4
CUADRO 20 X 24 ROLANDO MANCEBO;6106.5;2
JUEGO DE SABANA KING-ZISE 4  PCS;1996.81;1
ANDADORES PARA BEBE;2875;1
ANDADORES PARA BEBE;2875;1
CONGELADOR AMERICAN MOD. FC-011 11PC;41285;2
CONGELADOR AMERICAN MOD. FC-011 11PC;41285;1
MESA REDONDA PLEGABLE 5 PIES (MES-SY-152Y);8625;1
LICUADORA BLACK AND DECKER VASO DE VIDRIO BLBD21;4542.5;1
BOX SPRING ROYALMOUNT PILLOW TOP 60;34542.54;3
OLLA ARROCERA BLACK AND DECKER DE 1.4LTS 10 TZS/1.2/14 TZS ;4592.81;4
OLLA ARROCERA BLACK AND DECKER DE 1.4LTS 10 TZS/1.2/14 TZS ;4025;1
SET DE COLCHAS KING SUPERIOR;5520;5
HORNO ELECTRICO BLACK AND DECKER 701342W;5405;2
HORNO ELECTRICO BLACK AND DECKER 701342W;5405;1
OLLAS DE PRESION PRESSURE COOKER DE 9 LITROS;4140;1
OLLAS DE PRESION PRESSURE COOKER DE 9 LITROS;4140;1
OLLA DE PRESION 11 LITROS, PRESSURE COOKES;4255;1
HORNO MICROONDAS  0.7CF  BLANCO  EZ-102720;4835.75;1
SOPORTE PARA PLASMA LCD FIJO;1019.91;1
INVERSOR GT CON 2 BATERIAS TROJAN NEGRA  1.3K;43016.9;4
JUEGO DE ADORNO BELINDA;6325;1
COMPONENTE LG CJ-45;17537.5;1
EXPRIMIDOR DE JUGO TRAMONTINA;3415.5;1
EXPRIMIDOR DE JUGO TRAMONTINA;3415.5;1
SALTEN RUBÍ 24 CM IMPORTADO;1305.25;2
SALTEN RUBÍ 24 CM IMPORTADO;1305.25;1
SET 12 PCS TENEDORES MAGEFESA;977.5;2
"ABANICO KDK P41U  PEDESTAL BASE REDONDA  BLANCO 16""";7169.1;5
"ABANICO KDK P41U  PEDESTAL BASE REDONDA  BLANCO 16""";7169.1;1
ESPEJOS-COFRES;12650;1
TABLA DE PLANCHA;4025;1
SILLA PARA CARRO DE BEBE;9200;1
SILLA PARA CARRO DE BEBE;6670;3
SARTEN  MAS RAYADOR INOXIDABLE;2967;1
COLCHON BOSTON SEALY 54 P/T;17288.18;1
CREDENZA DECORARTE MEDIANA EN CAOBA;28997.42;1
AIRE KTC DE 18000 BTU INVERTER SEER 20;63250;1
AIRE KTC DE 18000 BTU INVERTER SEER 20;63250;3
NEVERA MABE MOD. RMA-300 GRIS C/DISP 10PC;43930;1
NEVERA MABE MOD. RMA-300 GRIS C/DISP 10PC;43843.75;4
ESTUFA AMERICAN ELÉCTRICA DE 2 HORNILLAS;1035;1
ESTUFA AMERICAN ELÉCTRICA DE 2 HORNILLAS;1035;5
JUEGO DE OLLAS GOURMET LINE 12 PCS;6882.75;1
JUEGO DE OLLAS GOURMET LINE 12 PCS;6882.75;4
JUEGO DE ADORNO EXPRESO;7728;1
SET PAIREX VIDRIO C/TAPA 4 PCS;1431.75;1
SET PAIREX VIDRIO C/TAPA 4 PCS;1431.75;2
OLLA DE PRESION COMPREZZO 8 LTS;4191.75;1
OLLA DE PRESION COMPREZZO 8 LTS;4076.75;2
OLLA DE PRESION COMPREZZO 10LTS;4945;1
OLLA DE PRESION COMPREZZO 10LTS;4945;3
ABANICO UNIVERSAL DE PEDESTAL MOD.1800 18P;3424.7;1
ABANICO UNIVERSAL DE PEDESTAL MOD.1800 18P;3424.7;3
CUADRO 20 X 45  B  ARTE MAGNI;10350;1
CUADRO 24 X 30  A  ARTE MAGNI;8050;1
"JUEGO SERTA STERLING PT KING (76"" X 80"")";54879.79;1
LAVADORA SAMSUNG INVERTER AUTOMATICA IMPELLER  19KG  WA19T6260BW;53590.01;2
EXTRACTOR DE JUGO BLACK DECKER JE2400BD;5083;1
EXTRACTOR DE JUGO BLACK DECKER JE2400BD;5083;4
SANDWICHERA TOSTADORA BLACK DECKER G49;6026;1
SANDWICHERA TOSTADORA BLACK DECKER G49;6026;4
SOPORTE PARA PLASMA LCD FIJO (37-70);1420.25;1
SOPORTE PARA PLASMA LCD FIJO (37-70);1420.25;4
TABURETE AMELIA CAOBA;11269.99;1
CILINDRO DURAGAS 100 LIBRAS;11442.5;1
"ESTUFA INDURAMA DE 20"" BILBAO INOX P/F";25300;1
"ESTUFA INDURAMA DE 20"" BILBAO INOX P/F";25300;3
"ESTUFA INDURAMA 24"" INOX TRIPLE/C ROSTIZADOR GRIS FLORENCIA";43188.25;1
"ESTUFA INDURAMA 24"" INOX TRIPLE/C ROSTIZADOR GRIS FLORENCIA";43188.25;4
"ESTUFA INDURAMA  24"" GRANADA INOX  TRIPLE/C";30819.99;1
"ESTUFA INDURAMA 32""  SORRENTO NEGRA";42895;1
AIRE ROYAL INVERTER DE 12BTU B/N 1195/1067 EFIC. 19/RS1-12BA;48300.01;2
AIRE ROYAL INVERTER DE 12BTU B/N 1195/1067 EFIC. 19/RS1-12BA;48300.01;1
APLIQUE ADORNO PARA PARED IMPORTADO;11252.75;1
BICICLETA ESTACIONARIA PRO-FORM P/ EJERCICIO;45856.25;1
LAMPARA DE TECHO ABANICO;9516.25;2
LAMPARA DE TECHO ABANICO;9516.25;1
WAFLERA UNIVERSAL SW-100U;2530;1
WAFLERA UNIVERSAL SW-100U;2530;1
"FREEZER FRIGIDAIRE FFFU16F2VM/VW 16"" BLANCO VERTICAL";79350;1
"FREEZER FRIGIDAIRE FFFU16F2VM/VW 16"" BLANCO VERTICAL";79350;1
COCHE P/BEBE CON CARGADOR WONDER BABY;13731;2
COCHE P/BEBE CON CARGADOR WONDER BABY;13731;1
CORRAL P/BEBE, CAMB+BULTO WONDER BABY;13052.5;3
CORRAL P/BEBE, CAMB+BULTO WONDER BABY;13052.5;1
JUEGO DE ADORNO DORADO CRISTAL;11373.5;3
OLLA PRESION IU-11LSS UNIV.ROYAL;9844;1
OLLA PRESION IU-11LSS UNIV.ROYAL;9844;1
CALDERO TEFLON 34CM BISTRO;2662.25;1
CALDERO TEFLON 34CM BISTRO;2662.25;1
CALDERO PLATEADO 24 CM BISTRO;1460.5;1
COOLER P/HIELO PINN/CLE 4.75LTS;690;2
COOLER P/HIELO PINN/CLE 4.75LTS;690;1
CALDERO TEFLON 38 CM BISTRO;2964.7;2
CALDERO TEFLON 38 CM BISTRO;2964.7;1
ESTERELIZADOR P/BIBERONES WODER BABY;3910;3
ESTERELIZADOR P/BIBERONES WODER BABY;3910;1
JUEGO DE CUEBIERTOS 24 PCS CRUZ DE MALTA;2737;2
JUEGO DE CUEBIERTOS 24 PCS CRUZ DE MALTA;2737;1
SARTEN 28X28CM MONIX;2783;5
SARTEN 28X28CM MONIX;2783;1
SARTEN ELECTRICO ROYAL 12 705C;3999.7;1
SARTEN ELECTRICO ROYAL 12 705C;3999.7;1
SARTEN DOBLE TAPA IU-1909211;2616.25;2
SARTEN DOBLE TAPA IU-1909211;2616.25;1
SET DE MACETERO HIERRO DECORADO;5157.75;2
"ESTUFA INDURAMA CADIZ DE 20"" GRIS";22425;1
NEVERA TECNOMASTER EJECUTIVA INVERTER MOD. HPF1-11NS/HOF1 4.2PC;15289.25;1
LAVADORA DAEWOO MOD. 5010  8KG;21965;1
"ESTUFA MABE MOD. 7651 DE 30""";30798.15;2
"ESTUFA MABE MOD. 7651 DE 30""";30798.15;1
AIRE ACONDICIONADO AMERICAN INVERTER MOD. ASIN-18  EFI.18;50751.8;1
LAVADORA WHIRLPOOL 8MWTW1844MJM AUTOM. BAJO CONSUMO 18KG;50942.7;1
BOCINA BLUETOOTH DOLPHIN SP850RBT/10RBT;8625;3
BOCINA BLUETOOTH DOLPHIN SP850RBT/10RBT;8625;1
"ABANICO DAIWA LY-S16G PEDESTAL 16"" GRIS";3254.51;2
"ABANICO DAIWA LY-S16G PEDESTAL 16"" GRIS";3254.51;1
MICROONDAS SAMSUNG MS32J5133AT/AP INOX 1.1' 750W;15525;1
JUEGO DE COMEDOR ABIGAIL EN CAOBA 6/S;76360;1
FLORERO DECO.;1725;1
"ABANICO KDK N56LG TECHO 56"" BLANCO";7935;1
"ABANICO KDK N56LG TECHO 56"" BLANCO";5723.03;5
FLORERO CON 2 ELEFANTES LATERALES;747.5;1
SANDWICHERA BLACK AND DECKER PAN24535;4945;1
CANDELABROS DE LUXE;1948.72;5
FUENTE DE AGUA GRANDE  AMIGAS;3910;1
BOX SPRING ORTOPEDICO ESPECIAL REX 39'' P/T;13952.25;2
"COLCHON STERLING P.T. QUEEN SIZE 60""";30251.6;2
"JUEGO STERLING P.T. QUEEN SIZE 60""";39435.78;3
CORRAL CUNA PARA BEBE SUPERIOR;8610.63;2
CORRAL CUNA PARA BEBE SUPERIOR;7360;1
DVD LA TRINCHERA DEL HONOR;483;1
DVD LA VIOLENCIA DEL PODER;483;1
COCHE P/ BEBE C/CARGADOR WONDER BABY;12765;2
COCHE P/ BEBE C/CARGADOR WONDER BABY;12765;1
HIELERA PARA BOTELLA;1541;1
CORRAL P/BEBE CAMB+BULT WONDER BABY;6785;1
CORRAL P/BEBE CAMB+BULT WONDER BABY;6785;1
CAMAROTE TWIN-FULL;20700;4
CONGELADOR AMERICAN MOD. FC-070 7PC;29785;2
CONGELADOR AMERICAN MOD. FC-070 7PC;29785;1
CONGELADOR AMERICAN MOD. FC-050 5PC;22924.1;2
JUEGO SABANA 4 PCS 60;1955;3
SILLA PLEGABLE MARFIL (SIIL-SY-52Y-2);1897.5;1
"ABANICO KDK P40U PEDESTAL 16"" BASE REDONDA";7594.6;1
"ABANICO KDK M40C PARED 16""";6952.91;1
MINI ABEJON P/HOMBRES;2156.25;1
MINI ABEJON P/HOMBRES;2156.25;1
JUEGO DE SABANA TWIN;1293.75;1
TARTERO CERAMICO 28 CENTIMETRO;1357;1
"TELEVISOR TCL MOD. L32S60/65 LED HDMI SMART TV DE 32""";19320;1
SET DE COPAS DE 6 PIEZAS PASABAHCE;1014.3;2
SET DE COPAS DE 6 PIEZAS PASABAHCE;1014.3;1
ANDADOR PARA BEBES KRENLY;2127.5;1
COLCHON PARA CUNA;2645;1
FREEZER NEDOCA HORIZONTAL 5 PC FHN-TCH15000MD;22933.3;1
JUEGO DE OLLA 6 PCS MAGEFESA ;4485;4
JUEGO DE OLLA 6 PCS MAGEFESA ;4485;1
OLLA FREIDORA 24 CM MAGEFESA;1606.17;2
OLLA FREIDORA 24 CM MAGEFESA;1575.5;1
SET DE COLCHAS  FULL SUPERIOR;4542.5;4
TARTERO CERAMICO 28 CM MAGEFESA;1552.5;2
CUADRO 25 X 45  A  ARTE MAGNI;16962.5;1
COMPONENTE LG CJ44;16238;1
AFILADOR DE CUCHILLOS RENBERG;937.25;2
AFILADOR DE CUCHILLOS RENBERG;937.25;1
JUEGO DE ADORNO MÁSTER;8337.5;3
CALDERO UNIVERSAL 42 CM;3685.75;3
CALDERO UNIVERSAL 42 CM;3754.75;1
LAMPARA DE MESA TÍPICA;3967.5;4
JUEGO DE SALA ISANET SOFA DE 3 BUTACAS Y MESA VARIADA;39888.68;2
CORTINA MAS CENEFA PARA SALA;1293.75;2
CEPILLO MAS RIZADOR UNIVERSAL ROYAL;2587.5;4
CEPILLO MAS RIZADOR UNIVERSAL ROYAL;2587.5;1
JUEGO DE OLLA MAGEFESA 5 PCS;2863.5;1
JUEGO DE OLLA MAGEFESA 5 PCS;2863.5;1
RADIO PIONNER PARA AUTO (MVH-S 215 BT);6095;2
RADIO PIONNER PARA AUTO (MVH-S 215 BT);6095;1
BOMBA DE AGUA WASHEM;4701.86;1
EXPRIMIDOR ELECTRICO MAGEFESA;1178.75;3
EXPRIMIDOR ELECTRICO MAGEFESA;1178.75;1
MAQUINA DE AFEITAR MULTIUSO, MARCA REMINGTON;3070.5;1
MAQUINA DE AFEITAR MULTIUSO, MARCA REMINGTON;3070.5;1
JUEGO DE SALA ZAFIRO ESQUINERO;63365.01;1
"ESTUFA H. WHIRLPOOL LWFR3400D00 30"" GAS INOX 6Q ESPEJO CI";43470;1
JUEGO OLLA MONIX OCTIMA 4PCS;14674;1
JUEGO OLLA MONIX OCTIMA 4PCS;14674;1
LAMPARA DE TECHO LUMINICA;9568;2
ADORNO CENTRO REAL;5951.25;2
CAFETERA KITCHEN 0.5 LTS  P/CAFE;4508;1
CAFETERA MONIX/BRA 9 TAZA P/CAFE;2794.5;2
CAFETERA MONIX/BRA 9 TAZA P/CAFE;2794.5;1
CAFETERA MONIX/BRA 12 TAZA P/CAFE;3634;1
CAFETERA MONIX/BRA 12 TAZA P/CAFE;3634;1
ASADOR GRILL BRA 28CM;5968.5;3
ASADOR GRILL BRA 28CM;5968.5;1
LICUADORA OSTER (465-15) CROMADA;6727.5;4
LICUADORA OSTER (465-15) CROMADA;6727.5;1
OLLA PRESION KORKMAZ 7 LTS;7676.25;1
SARTEN ERNESTO 28CM;1403;2
SARTEN ERNESTO 28CM;1403;1
SARTEN GRAY JP-24 24CM;1707.75;1
SARTEN GRAY JP-24 24CM;1707.75;1
SOPORTE P/PLASMA FIJO (40-80/32-70);1598.5;4
SOPORTE P/PLASMA FIJO (40-80/32-70);1684.75;1
LAVADORA WHIRLPOOL AMERICANA COMBINACION 20 KG 7MWFW6621/5627;113850.01;1
BOCINA TECNOMASTER MOD. BP14-15ABT/USB RECARGABLE 15P;29670;1
"EXTRACTOR DE GRASA TECNOMASTER MOD. 30AMA INOX DE 30""";7015;1
ABANICO UNIVERSAL DE PARED MOD. US-1808 18P;3229.2;1
ABANICO UNIVERSAL DE PARED MOD. US-1808 18P;3229.2;1
LAVADORA ACROSS ALD1945JE 42LB/19KG;30118.51;5
LAVADORA SAMSUNG 14 KG SEMI-AUTO WT-14G4200;37375;1
TELEVISOR JVC 58 SMART LT58KC607/LT58KC527;61525;1
TELEVISOR JVC 58 SMART LT58KC607/LT58KC527;61525;1
BOCINA TECNOMASTER MOD.MBI-K210 BT RECARGABLE;6712.55;1
ESTANTE DELUXE ESP.;35943.25;1
JUEGO DE COMEDOR LISETTE EN CAOBA 6/S;98210;1
ASPIRADORA LENUX KNN;9453;2
SARTEN 26CM MONIX;2041.25;1
JUEGO DE SALA DECORARTE  3,2,1  EN CAOBA;61346.92;1
JUEGO DE SALA MODERNO TAPIZADO DECORARTE;40152.42;1
"JUEGO DE HABITACION DOÑA MILAGROS EN CAOBA  60""";103385;1
"SET DE ESPALDAR CONTEMPORANEO KANNY  60""";35943.25;1
"JUEGO DE APOSENTO TITAN  EN CAOBA  60""";98215.75;1
TELEVISOR KTC DE 32 SMART MD 32D1S;23517.5;3
TELEVISOR KTC DE 32 SMART MD 32D1S;23517.5;1
BOCINAS DE 15 IDAHO MD-YH8015;20010;2
BOCINAS DE 15 IDAHO MD-YH8015;20010;1
BIURO ARTURO CAOBA;39464.55;1
"ESTUFA INDURAMA GALAXIA 32"" INOX. GRIS C/ROSTIZADOR";50140;1
NEVERA MABE MOD. RMP400FZNC NEGRA C/DISP 14PC;49450;3
NEVERA MABE MOD. RMP400FZNC NEGRA C/DISP 14PC;49450;1
BOMBA LADRONA DUCATI  ITALIANA C/ACCESORIOS MOD. 1/2 HPDPP6000S;6152.5;1
LAVADORA NEDOCA LN-MTG-150 SEMI-AUTO 33LIB;26220;3
LAVADORA NEDOCA LN-MTG-150 SEMI-AUTO 33LIB;26220;1
LAVADORA NEDOCA LN-MTG110 SEMI-AUTO 24LIB;25472.5;3
LAVADORA NEDOCA LN-MTG110 SEMI-AUTO 24LIB;25472.5;1
TELEVISOR SAMSUNG 32 SMART UN32T4300APXPA;25647.3;2
TELEVISOR SAMSUNG 32 SMART UN32T4300APXPA;25647.3;1
"ABANICO DAIWA LY-W16B PARED 16"" BLANCO";3141.8;3
"ABANICO DAIWA LY-W16B PARED 16"" BLANCO";3141.8;1
"JUEGO DE HABITACION DOÑA ANDREA EN CAOBA 60""";78654.24;1
BIUROT  CAOBA;22942.5;1
"ABANICO DAIWA LY-W86 PARED 18"" BLANCO ASPA NARANJA";3249.92;1
"ABANICO DAIWA LY-W86 PARED 18"" BLANCO ASPA NARANJA";3249.92;4
"COLCHON POSTOPEDICO PT REINA 60""";24286.23;2
"COLCHON POSTOPEDICO PT REINA 39""";16521.48;1
BOX SPRING GRAN CLASE PT 60´´ REX;29200.56;2
CANDELABRO TIPO JAULA;2012.5;2
ALFOMBRA PARA ENTRADA;1150;4
COCHE DE BEBE SUPERIOR;6849.7;2
COCHE DE BEBE SUPERIOR;4830;1
BOX SPRING BOSTON SEALY 54'' P/T;22630.16;1
"COLCHON KONFORT REINA 39""";10693.16;1
ORGANIZADOR DE BAÑO;3220;2
ORGANIZADOR DE BAÑO;3220;1
DVD TRUJILLO EL PODER DEL JEFE III;483;4
DVD LA HERENCIA DEL TIRANO;483;3
ESTERILIZADOR DE BIBERON WB008;4025;3
ESTERILIZADOR DE BIBERON WB008;4025;1
GRAMO DE ORO 14 KILATES (D. F. L.);2006.69;3.26
CAMAROTE TWIN TWIN;19320;5
LICUADORA OSTER MOD. 4655/4126-34-28;7015;3
LICUADORA OSTER MOD. 4655/4126-34-28;7015;1
ESTUFA ELECTRICA DE 1 HORNILLA;1006.25;1
ESTUFA ELECTRICA DE 1 HORNILLA;1006.25;1
CAFETERA ELECTRICA BLACK AND DECKER 10 TZA DCM1100B;3852.5;1
CAFETERA ELECTRICA BLACK AND DECKER 10 TZA DCM1100B;3277.5;1
MAQUINAS PARA EJERCICIOS;10005;2
COLCHA ESPECIAL QUEEN;2185;1
JUEGO DE ADORNOS CUADRILATERO;7532.5;1
JUEGO DE SABANAS KING ZIZES 4 PCS.;1840;1
CUADRO 20 X 40  A  ARTE MAGNI;12389.41;1
CUADRO 20 X 40  B  ARTE MAGNI;11643.06;1
CUADRO 20 X 45  A  ARTE MAGNI;14180.65;2
CUADRO 20 X 45  B  ARTE MAGNI;13434.3;1
JUEGO SERTA #1 ONE SIDED QUEEN SIZE;28041.05;1
CAFETERA MAGEFESA 10 TAZAS ACERO INOXIDABLE;3265.01;4
CAFETERA MAGEFESA 10 TAZAS ACERO INOXIDABLE;3265.01;1
CASCO PARA MOTO KRENLY;1811.25;4
CUNA MADERA IMPORTADA COLCHON DE BEBE INCLUIDO;24409.9;2
CUNA MADERA IMPORTADA COLCHON DE BEBE INCLUIDO;17595;1
BATIDORA DE BIZCOCHO BLACK AND DECKER  MX1500W/MX900;4945;1
BATIDORA DE BIZCOCHO BLACK AND DECKER  MX1500W/MX900;4945;1
BIURO TRINEO CAOBA;24034.99;1
NEVERA NEDOCA MOD.HF210 10PC;36247.99;1
NEVERA LG DE 10 PCM/LT29WPP C/DISP.INV;41818.6;1
JUEGO DE COLCHA FULL MAS SABANA;3105;2
CAMAROTE FULL-FULL;25300;5
"TELEVISOR AIWA SMART  32""  TVA-AW32B4SM";31280;1
"ESTUFA INDURAMA VIENA GRIS C/T DE CRISTAL  24""";27459.7;1
"ESTUFA INDURAMA VIENA GRIS C/T DE CRISTAL  24""";27459.7;1
FREEZER NEDOCA HORIZONTAL 11PC FHN-TCH30000MD;42837.5;1
BOWL DE VIDRIO CON TAPA MARINEX;419.75;4
BOWL DE VIDRIO CON TAPA MARINEX;419.75;1
CAMA INFLABLE QUEEN INTEX;8665.25;1
EDREDON FULL/QUEEN C/FUNDAS REVERSIBLES;1937.75;5
OLLA ARROCERA BLACK DEKER 14 TAZAS RC 514 B/R;3323.5;2
OLLA ARROCERA BLACK DEKER 14 TAZAS RC 514 B/R;3323.5;1
LONCHERA ELECTRICA UNIVERSAL ROYAL;874;1
RADIO UNIVERSAL ROYAL RT-852BTS;1926.25;1
"RIEL PARA CORTINA 28""- 48""";1449;2
"RIEL PARA CORTINA 84""- 120""";1926.25;2
ABANICO FIRSO DE PEDESTAL;4600;4
ABANICO FIRSO DE PEDESTAL;4600;1
ABANICO FIRSO DE PARED;4600;3
ABANICO FIRSO DE PARED;4312.5;2
CALDERO LOTUS REFORZADO 30 CM;2526.96;1
CALDERO LOTUS REFORZADO 30 CM;2024;1
CALDERO LOTUS REFORZADO 32 CM;2723.2;1
CALDERO LOTUS REFORZADO 32 CM;2156.25;1
OLLA DE PRESION 15LTS MOD.CHEF MAGEFESA;9430;2
OLLA DE PRESION 15LTS MOD.CHEF MAGEFESA;9430;1
OLLA DE PRESION ROYAL 7 LTS.;3731.75;1
THERMO UNIVERSAL 2 LTS MULTIBEBIDAS;2719.75;3
THERMO UNIVERSAL 2 LTS MULTIBEBIDAS;2719.75;1
JUEGO DE COMEDOR CONTEMPORANEO EN CAOBA  4/S;27887.5;1
"JUEGO DE APOSENTO IMPERIAL KING SIZE EN CAOBA (80"" X 80"")";105972.5;1
PLANCHA TEFLON BLACK AND DECKER IRBD100;2300.01;3
PLANCHA TEFLON BLACK AND DECKER IRBD100;2300.01;1
BUTACA MODERNA IMPORTADA;15505.45;1
ABEJON  REMINGTON CORTADOR DE PELO HC1080;2300;2
ABEJON  REMINGTON CORTADOR DE PELO HC1080;2300;1
JUEGO DE SALA KILCYS TAPIZ CAOBA Y ROBLE;65440.75;1
ALFOMBRA PARA SALA 140 X 200CM;5617.75;2
ADORNO CENTRO RUBI;8671;1
CAFETERA MONIX/BRA 6 TAZA P/CAFE;2294.25;3
CAFETERA MONIX/BRA 6 TAZA P/CAFE;2294.25;1
ASPIRADORA LENUX KNN;9453;1
BOCINA SUPERSONI C/RADIO (IQ-4115DJ);22074.25;1
BOCINA SUPERSONI C/RADIO (IQ-4115DJ);22074.25;1
CAFETERA MAGEFESA INOX 6 TAZAS P/CAFE;2656.5;3
CAFETERA MAGEFESA INOX 6 TAZAS P/CAFE;2656.5;1
CAFETERA VALIRA INOX 10 TAZAS P//CAFE;4370;4
CAFETERA VALIRA INOX 10 TAZAS P//CAFE;4473.5;2
CAFETERA COLOMBIA MAGEFESA 12 TAZAS;2279.3;1
CAFETERA ELECTRICA ROYAL IU-CFE6P, 6 TAZAS;3473;3
CAFETERA ELECTRICA ROYAL IU-CFE6P, 6 TAZAS;3473;1
FREIDORA DE AIRE ROYAL 8 LTS INOX;10637.5;1
LOTE SARTENES 3 PCS MAGEFESA;3082;1
LOTE SARTENES 3 PCS MAGEFESA;3082;1
MANGUERAS P/JARDIN METAL 50 PIE;2559.9;4
MANGUERAS P/JARDIN METAL 50 PIE;2559.9;1
MANGUERAS KELOS 1/2 X 100 PIE;3645.5;3
MANGUERAS KELOS 1/2 X 100 PIE;3645.5;1
OLLA ARROCERA B Y D RC628W, 28 TAZAS;5060;3
OLLA ARROCERA B Y D RC628W, 28 TAZAS;5060;1
ORGANIZADOR DE BAÑO METAL;1817;1
PISCINA INTEX 4.5M X 2.2M RECTANGULAR;20412.5;3
PISCINA INTEX 4.5M X 2.2M RECTANGULAR;20412.5;1
SET DE TERMO 3 PCS P/HIELO;1403;2
SET DE TERMO 3 PCS P/HIELO;1403;1
SET COOLER PRINCE WARE 3 PCS;8613.5;2
SET COOLER PRINCE WARE 3 PCS;9050.5;1
SARTEN DOBLE DESINI;3162.5;2
SARTEN DOBLE DESINI;3162.5;1
NEVERA NEDOCA MOD. HF-12WS 12PC;38691.75;3
NEVERA NEDOCA MOD. HF-12WS 12PC;38691.75;1
ESTUFA KTC DE 30 GRIS CON TOPE INOXIDABLE MD CEC305066;41112.5;1
ESTUFA DE MESA WALEN 4H MD 401-402-405;4289.5;4
ESTUFA DE MESA WALEN 4H MD 401-402-405;4289.5;1
NEVERA KTC RD43WR 11.33 PIES CON DISPENSADOR/ICE MAKER/INOXIDABLE;51979.99;4
NEVERA KTC RD43WR 11.33 PIES CON DISPENSADOR/ICE MAKER/INOXIDABLE;51979.99;1
LAVADORA  SECADORA FRIGIDAIRE 17KG  FLCG7522AW;96600;1
LAVADORA  SECADORA FRIGIDAIRE 17KG  FLCG7522AW;96600;1
"TV  SAMSUNG   65""  QLED 4K  MOD. QN65Q8DTAFXZA";123758.4;1
"TV  SAMSUNG   65""  QLED 4K  MOD. QN65Q8DTAFXZA";123758.4;1
DISPENSADOR DE AGUA DANILUX BLANCO MOD. DAN-EX100;8603.43;1
DISPENSADOR DE AGUA DANILUX BLANCO MOD. DAN-EX100;8603.43;1
DISPENSADOR DE AGUA DANILUX NEGRO C/BOT.ABAJO MOD. DAN-IN508NG;14332.23;2
DISPENSADOR DE AGUA DANILUX NEGRO C/BOT.ABAJO MOD. DAN-IN508NG;14332.23;1
DISPENSADOR DE AGUA DANILUX DORADO C/BOT.ABAJO MOD. DAN-IN508MR;14332.23;1
EXTRACTOR DE GRASA DRIJA CAMP.60CM ACERO 2CHIM.VIDRI/TEMPL.LUZ MOD. PRIMA TOUCH;18876.69;1
EXTRACTOR DE GRASA DRIJA CAMP.60CM ACERO 2CHIM.VIDRI/TEMPL.LUZ MOD. PRIMA TOUCH;18876.69;1
EXTRACTOR DE GRASA DRIJA CAMP. 76CM ACERO S/CHIMENEAS  MOD.GALAXY76;17437.92;3
EXTRACTOR DE GRASA DRIJA CAMP. 76CM ACERO S/CHIMENEAS  MOD.GALAXY76;17437.92;1
"TV  KONKA   LED 43"" FHD FLAT SMART 3HDMI 2  TVK-KDG43M";25300;1
SANDWICHERA OSTER SO-CKSTSM2885-001U;2386.24;5
SANDWICHERA OSTER SO-CKSTSM2885-001U;2386.24;1
ESTUFA WHIRLPOOL 24 EMPOSTRABLE WP2420S;16100;2
ESTUFA WHIRLPOOL 24 EMPOSTRABLE WP2420S;16100;1
NEVERA NEDOCA TOP. MOUNT, 8 PC- NO FROST NN-HF208DSD;34212.49;1
NEVERA EJECUTIVA NEDOCA BLANCA  NN-ME4B;16675.01;1
NEVERA EJECUTIVA NEDOCA BLANCA  NN-ME4B;16675.01;1
TELEVISOR AMERICAN LED SM MOD.-AM-32D2000  32PULG;20815;3
TELEVISOR AMERICAN LED SM MOD.-AM-32D2000  32PULG;20815;1
TELEVISOR AMERICAN UHD MOD.AM-39D1840  39PULG;22885;2
TELEVISOR AMERICAN UHD MOD.AM-39D1840  39PULG;22885;1
ESTUFA OSTER MESA 4/HORN.  NEGRA  MOD. OS-GST04B;2858.84;1
ESTUFA OSTER MESA 4/HORN.  NEGRA  MOD. OS-GST04B;2858.84;1
"ABANICO PEDESTAL 18"" DISCOVERY";3318.74;1
ABANICO DE PARED DAIWA;3303.02;3
ABANICO DE PARED DAIWA;3303.02;1
"ESTUFA DE 30"" CON HORNO DISCOVERY";32688.09;1
"ESTUFA DE 30"" CON HORNO DISCOVERY";32688.09;1
ESTUFA DE MESA 4H DE GAS DISCOVERY;3318.74;4
ESTUFA DE MESA 4H DE GAS DISCOVERY;3318.74;1
NEVERA 10 PCDISCOVERY;45023.22;2
NEVERA 10 PCDISCOVERY;45023.22;1
CILINDRO DE GAS 50LB DURAGAS;6504.4;1
"ESTUFA DE GAS MABE  30"" NEG. EM 7651BFINO";35295.57;1
"ESTUFA DE GAS MABE  30"" NEG. EM 7651BFINO";35295.57;1
"ESTUFA DE GAS MABE 30"" AC EM7660CFIX1";50656.81;2
"ESTUFA DE GAS MABE 30"" AC EM7660CFIX1";50656.81;1
LICUADORA OSTER BLST4655;8270.92;3
LICUADORA OSTER BLST4655;8270.92;1
LAVADORA NEDOCA 22LBS SEMI-AUTOM. GRIS LN-MTJ100;39472.63;1
LAVADORA NEDOCA 22LBS SEMI-AUTOM. GRIS LN-MTJ100;39472.63;1
NEVERA WHIRLPOOL WT1431D 14’ INOX TM XPERT;58362.51;1
PISCINA 12X30;14030;4
PISCINA 12X30;14030;1
PISCINA 2.6 METROS;10867.49;4
PISCINA 2.6 METROS;10867.49;1
MANGUERA ½ X 100;2472.5;4
MANGUERA ½ X 100;2472.5;1
MOTOR GATO CG250 RACING DIGITAL;107640;1
JARRADECORATIVA ANFORA;4439;1
MESA P/COMPUTADORA REY;5980;1
MESA P/COMPUTADORA REY;5980;1
OLLA PRESION ROYAL IU-9 LSS;8533;2
SET ADORNO BUHO;3944.5;2
"SET TOALLAS DE BAÑO 30""  X  60""";2018.25;5
"SARTEN FUNDIDO GENERAL STORE 10""";2173.5;5
"SARTEN FUNDIDO GENERAL STORE 10""";2173.5;1
TABLA DE CORTAR BRA CON AFILADOR;2179.25;3
TABLA DE CORTAR BRA CON AFILADOR;2179.25;1
"ESTUFA ACR 30"" GRIS CON TOPE INOXIDABLE PUNTA CANA CELINA";35144.01;3
"ESTUFA ACR 30"" GRIS CON TOPE INOXIDABLE PUNTA CANA CELINA";35144.01;1
NEVERA WHIRLPOOL MOD.WRW32CKTWW GRIS 11PC;43050.25;2
NEVERA WHIRLPOOL MOD.WRW32CKTWW GRIS 11PC;43050.25;1
TELEVISOR LG DE 32 SMART MD 32LM57;26438.5;1
WAFLERA OSTER CG-120;5635;3
WAFLERA OSTER CG-120;5635;1
NEVERA MABE DE 12 PIES 2PTAS C/DISP MOD.RMA 300FZNC NEGRA;44275;2
NEVERA MABE DE 12 PIES 2PTAS C/DISP MOD.RMA 300FZNC NEGRA;44275;1
MESA PLASTICA REDONDA PLEGABLE 60;10350;2
MESA PLASTICA REDONDA PLEGABLE 60;10350;1
ABANICO DE PARED TECNOMASTER 18 PLG M/FW45-F3;3438.5;2
ABANICO DE PARED TECNOMASTER 18 PLG M/FW45-F3;3176.24;2
TELEVISOR JVC 50 SMART LT50KC607/LT50KC527;54625;2
TELEVISOR JVC 50 SMART LT50KC607/LT50KC527;54625;1
"JUEGO DE APOSENTO MODERNO IMPORTADO DE 60""";66930;1
GAVETERO KAROL EN CAOBA;43153.75;1
MESA AUXILIAR IMPORTADA;6581.45;1
"JUEGO DE HABITACION  DOÑA YENNY EN CAOBA  60""";82914.99;1
JUEGO COMEDOR FLORA CAOBA  6/S;2239.42;1
CALDERO REALES 24CM NEGRO;1759.5;1
CALDERO REALES 24CM NEGRO;1759.5;1
CALDERO REALES 20CM NEGRO;1552.5;2
CALDERO REALES 20CM NEGRO;1610;1
CALDERO REALES 32CM NEGRO;2535.75;3
CALDERO REALES 32CM NEGRO;2622;1
ESTUFA ELECTRICA DOS HORNILLA B Y D;2645;2
ESTUFA ELECTRICA UNA HORNILLA B Y D;1828.5;1
ESTUFA ELECTRICA UNA HORNILLA B Y D;1828.5;1
ESCURRIDOR PARA PLATOS;1230.51;3
ESCURRIDOR PARA PLATOS;1265;1
EXTRACTOR JUGO UNIV. ROYAL IU-827S;5129;1
EXTRACTOR JUGO UNIV. ROYAL IU-827S;5129;1
LICUADORA PERSONAL BRENTWOOD JB 197;3024.5;3
LICUADORA PERSONAL BRENTWOOD JB 197;3050.38;2
LONCHERA PLASTICA PARA COMIDA;713;4
LONCHERA PLASTICA PARA COMIDA;713;1
OLLA DE PRESION ROYAL 11 LTS;3910;2
OLLA DE PRESION ROYAL 11 LTS;3910;1
OLLA ARROCERA ROYAL  IU-OA28 UNIV;4657.5;3
OLLA ARROCERA ROYAL  IU-OA28 UNIV;4657.5;1
PLANCHA VAPORZADOR B Y D HGS 250-LA;4255;2
PLANCHA VAPORZADOR B Y D HGS 250-LA;4255;1
PISCINA INTEX 2.6M X 1.6M X 0.65M;13995.5;3
PISCINA INTEX 2.6M X 1.6M X 0.65M;13995.5;1
"PISCINA INTEX 8 PIE X 20"" REDONDA";9775;4
"PISCINA INTEX 8 PIE X 20"" REDONDA";9775;1
SARTEN FRY PAN IU-2203091;1288;2
SARTEN FRY PAN IU-2203091;1288;1
TOSTADOR PROFESIONAL ROYAL RAS-052 1N;4807;2
TOSTADOR PROFESIONAL ROYAL RAS-052 1N;4807;1
WAFLERA OSTER (CKSTSM-2885);3818;4
WAFLERA OSTER (CKSTSM-2885);3818;1
"COLCHON S.A COMFORT P.T FLEX  60""";24286.23;1
"JUEGO SPRING AIR ROYAL 60""";22797.6;1
"JUEGO PT SPRING AIR  60""";29061.51;1
"ESTUFA MABE MOD. 5022 NEGRA DE 20""";15985;1
ABANICO DISCOVERY DE PARED 18P MD ABAD;5002.5;5
ABANICO DISCOVERY DE PARED 18P MD ABAD;5002.5;1
FREEZER GOLD P DE 12 PIES MD GPF125WWH;40307.5;2
FREEZER GOLD P DE 12 PIES MD GPF125WWH;40307.5;1
BOCINA PORTATIL BLUETOOTH LX20;10350;1
FREEZER HORIZONTAL DANILUX 11'   BLANCO /LAMP LED MOD. DAN-288L;33738.86;2
FREEZER HORIZONTAL DANILUX 11'   BLANCO /LAMP LED MOD. DAN-288L;33738.86;1
EXTRACTOR DE GRASA SANKEY 36” TIPO CAMP. ACE INOX MOD.RH-90336S;14909.65;1
EXTRACTOR DE GRASA SANKEY 36” TIPO CAMP. ACE INOX MOD.RH-90336S;14909.65;1
"OLLA ARROCERA 20"" TAZAS HAMILTON BEACH MOD. HB7532";3028.1;2
"OLLA ARROCERA 20"" TAZAS HAMILTON BEACH MOD. HB7532";3028.1;1
"TV  AIWA  LED 32""  HD FLAT SMART 2HDMI,  TVA-AW32B4SM";24150;3
"TV  AIWA  LED 32""  HD FLAT SMART 2HDMI,  TVA-AW32B4SM";24150;1
AIRE ACONDICIONADO FRIGIDAIRE AAF-12A2MBIUW 12,000BTU SEER 18;51750;4
AIRE ACONDICIONADO FRIGIDAIRE AAF-12A2MBIUW 12,000BTU SEER 18;51750;1
"EXTRACTOR DE GRASA NEDOCA  36""  T/CAMPANA  EXN-36CASS-001-U";15525;4
"EXTRACTOR DE GRASA NEDOCA  36""  T/CAMPANA  EXN-36CASS-001-U";15525;1
"ESTUFA DANILUX  20""  4/HORN.  NEGRA  MOD. DAN-20AB";8084.5;2
"ARROCERA HAMILTON BEACH  20"" TAZAS  MOD. HB7538";3028.1;1
"ARROCERA HAMILTON BEACH  20"" TAZAS  MOD. HB7538";3028.1;1
"SOPORTE DE TV DANILUX DAN-02F DE 40"" A 70"" FIJA";663.29;1
"SOPORTE DE TV DANILUX DAN-02F DE 40"" A 70"" FIJA";663.29;1
"SOPORTE DE TV DANILUX DAN-03M DE 22"" A 55"" MOVIBLE";1260.27;3
"SOPORTE DE TV DANILUX DAN-03M DE 22"" A 55"" MOVIBLE";1260.27;1
"ABANICO DE PARED 16"" DISCOVERY";3514.54;3
"ABANICO DE PARED 16"" DISCOVERY";3514.54;1
BEBEDERO DAIWA;9860.41;1
ESTUFA ELECTRICA 1HDISCOVERY;1399.94;3
ESTUFA ELECTRICA 1HDISCOVERY;1399.94;1
NEVERA 12  PCDISCOVERY;49692.95;2
NEVERA 12  PCDISCOVERY;49692.95;1
CONGELADOR 5 PIES DISCOVERY;25442.6;1
CONGELADOR 5 PIES DISCOVERY;25442.6;1
CONGELADOR 10 PIES DISCOVERY;45805.64;1
CONGELADOR 10 PIES DISCOVERY;45805.64;1
"TV SMART 32"" DISCOVERY";19373.98;1
PLANCHA ROPA AZUL OSTER  GCSTBS-5002;1798.03;1
PLANCHA ROPA AZUL OSTER  GCSTBS-5002;1798.03;1
PLANCHA ROPA OSTER GCSTBS-6051;3243.23;1
PLANCHA ROPA OSTER GCSTBS-6051;3243.23;1
ESTUFA DE GAS MABE 20¨ NEG. EMA-5105SNO;16541.83;1
ESTUFA DE MESA GRIS AMERICAN 165-N 4/H;2646.15;2
ESTUFA DE MESA GRIS AMERICAN 165-N 4/H;2646.15;1
LICUADORA OSTER ROJA  BLST4126R;8304.84;2
LICUADORA OSTER ROJA  BLST4126R;8304.84;1
"TELEVISOR SM TCL 32"" L-3256500";17369.6;1
"TELEVISOR SM TCL 32"" L-3256500";17369.6;1
NEVERA C/DISP. AC MABE 10P.C  RMA-250FJMRU1;44312.84;1
NEVERA C/DISP. AC MABE 10P.C  RMA-250FJMRU1;44312.84;1
NEVERA C/DISP. GRIS MABE 10 P.C. RMA-250FAMRE1;39692.25;2
NEVERA C/DISP. GRIS MABE 10 P.C. RMA-250FAMRE1;39692.25;1
LAVADORA NEDOCA 24LBS SEMI-AUTM. AGUA LN-MTG1100;39473.34;2
LAVADORA NEDOCA 24LBS SEMI-AUTM. AGUA LN-MTG1100;39473.34;1
NEVERA WHIRLPOOL WT1856A 18’ INOX TM DISP XPERT;86235.63;1
NEVERA WHIRLPOOL WT1856A 18’ INOX TM DISP XPERT;86235.63;1
GRECA DE 6 TZS CLASICA;644;4
GRECA DE 6 TZS CLASICA;644;1
GRECA DE 9 TZS CLASICA;908.5;4
GRECA DE 9 TZS CLASICA;908.5;1
GRECA DE 12 TZS CLASICA;1023.5;4
GRECA DE 12 TZS CLASICA;1023.5;1
